use HRHiringTool

INSERT INTO [Role]
VALUES (1, 'Admin', 'Administrator')
INSERT INTO [Role]
VALUES (2, 'HRRecluter', 'HR Recluter')
INSERT INTO [Role]
VALUES (3, 'Technical Lead', 'Technical Lead')
INSERT INTO [Role]
VALUES (4, 'Visitor', 'User who only can see data, not modified')
GO 

INSERT INTO [User] (ID_User, [username] ,Name, Lastname, [Password])
VALUES (1, 'Admin', 'Admin', '', '123')
INSERT INTO [User] (ID_User, [username] ,Name, Lastname, [Password])
VALUES (2, 'HR', 'HR', 'Recluter', '123')
INSERT INTO [User] (ID_User, [username] ,Name, Lastname, [Password])
VALUES (3, 'Lead', 'Lead', 'Technical', '123')
GO 

/*User Roles*/
INSERT INTO UserRoles ( ID_UserRoles, ID_User, ID_Role)
VALUES (1, 1, 1)
INSERT INTO UserRoles ( ID_UserRoles, ID_User, ID_Role)
VALUES (2, 2, 2)
INSERT INTO UserRoles ( ID_UserRoles, ID_User, ID_Role)
VALUES (3, 2, 3) 

INSERT INTO PhoneType
VALUES (1, 'Casa')
INSERT INTO PhoneType
VALUES (2, 'Trabajo')
INSERT INTO PhoneType
VALUES (3, 'Celular')
INSERT INTO PhoneType
VALUES (4, 'Otro')
GO 

INSERT INTO Department (ID_Department, Name, [Description], Phone, ID_User)
VALUES (1, 'Dev Department', 'Department 1', '25444444', 1)
INSERT INTO Department (ID_Department, Name, [Description], Phone, ID_User)
VALUES (2, 'QA Departmen', 'QA Department', '25444444', 1)
INSERT INTO Department (ID_Department, Name, [Description], Phone, ID_User)
VALUES (3, 'HR Department', 'HR Department', '25444444', 1)
INSERT INTO Department (ID_Department, Name, [Description], Phone, ID_User)
VALUES (5, 'IT Department', 'IT Department', '25444444', 1)
GO 

INSERT INTO JobPosition (ID_JobPosition, Name, [Status])
VALUES (11, 'Junior .Net Developer', 'Open')
INSERT INTO JobPosition (ID_JobPosition, Name, [Status])
VALUES (12, 'Intermediate.Net Developer', 'Open')
INSERT INTO JobPosition (ID_JobPosition, Name, [Status])
VALUES (13, 'Senior .Net Developer', 'Open')
INSERT INTO JobPosition (ID_JobPosition, Name, [Status])
VALUES (21, 'Junior QA', 'Open')
INSERT INTO JobPosition (ID_JobPosition, Name, [Status])
VALUES (22, 'Intermediate QA', 'Open')
INSERT INTO JobPosition (ID_JobPosition, Name, [Status])
VALUES (23, 'Senior QA', 'Open')
INSERT INTO JobPosition (ID_JobPosition, Name, [Status])
VALUES (121, 'Junior Flash Developer', 'Open')
INSERT INTO JobPosition (ID_JobPosition, Name, [Status])
VALUES (122, 'Intermediate Flash Developer', 'Open')
INSERT INTO JobPosition (ID_JobPosition, Name, [Status])
VALUES (123, 'Senior Flash Developer', 'Open')
INSERT INTO JobPosition (ID_JobPosition, Name, [Status])
VALUES (31, 'Junior HR Recluter', 'Open')
INSERT INTO JobPosition (ID_JobPosition, Name, [Status])
VALUES (32, 'Intermediate HR Recluter', 'Open')
INSERT INTO JobPosition (ID_JobPosition, Name, [Status])
VALUES (33, 'Senior HR Recluter', 'Open')
GO 

INSERT INTO JobOpening (ID_Opening, ID_Department, ID_JobPosition, Deadline, Quantity, [Status])
VALUES (1, 1, 13, '09/01/2011', 1,'Open')
INSERT INTO JobOpening (ID_Opening, ID_Department, ID_JobPosition, Deadline, Quantity, [Status])
VALUES (2, 1, 11, '09/15/2011', 4,'Open')
INSERT INTO JobOpening (ID_Opening, ID_Department, ID_JobPosition, Deadline, Quantity, [Status])
VALUES (3, 2, 22, '08/01/2011', 1,'Open')
INSERT INTO JobOpening (ID_Opening, ID_Department, ID_JobPosition, Deadline, Quantity, [Status])
VALUES (4, 3, 31, '08/15/2011', 1,'Open')
GO 

INSERT INTO Candidate (ID_Candidate, Name, Lastname, SLastName, SalaryExpectation, Email, [Address], ID_JobOpenning, [Status])
VALUES (1, 'Javier', 'Ulate', 'Calderon', 3000, 'javier.ulate@gmail.com', 'Heredia', 3, 'Active')
INSERT INTO Candidate (ID_Candidate, Name, Lastname, SLastName, SalaryExpectation, Email, [Address], ID_JobOpenning, [Status])
VALUES (2, 'Maykol', 'Zumbado', '', 3500, 'maykol.zumbado@gmail.com', 'Heredia', 1, 'Active')
INSERT INTO Candidate (ID_Candidate, Name, Lastname, SLastName, SalaryExpectation, Email, [Address], ID_JobOpenning, [Status])
VALUES (3, 'Rolando', 'Matarrita', '', 4000, 'rolando.matarrita@gmail.com', 'Alajuela', 1, 'Active')
GO

INSERT INTO Document (ID_Document, Name, [Description], Document)
VALUES (1, 'Test.doc', 'Test document', 0x504B030414000600080000002100DDFC95376601000020050000130008025B436F6E74656E745F54797065735D2E786D6C20A2040228A000020000000000000000000000000000000000000000000000000000000000000000000000000000000000000000000000000000000000000000000000000000000000000000000000000000000000000000000000000000000000000000000000000000000000000000000000000000000000000000000000000000000000000000000000000000000000000000000000000000000000000000000000000000000000000000000000000000000000000000000000000000000000000000000000000000000000000000000000000000000000000000000000000000000000000000000000000000000000000000000000000000000000000000000000000000000000000000000000000000000000000000000000000000000000000000000000000000000000000000000000000000000000000000000000000000000000000000000000000000000000000000000000000000000000000000000000000000000000000000000000000000000000000000000000000000000000000000000000000000000000000000000000000000000000000000000000000000000000000000000000000000000000000000000000000000000000000000000000000000000000000000000000000000000000000000000000000000000000000000000000000000000000000000000000000000000000000000000000000000000000000000B454CB6EC23010BC57EA3F44BE5689A187AAAA081CFA38B648A51F60EC0D58F54BF6F2FAFB6E0244550B412AE5122959EFCCECECC483D1DA9A6C093169EF4AD62F7A2C0327BDD26E56B28FC94B7ECFB284C22961BC83926D20B1D1F0FA6A30D904481975BB54B2396278E03CC93958910A1FC051A5F2D10AA4D738E341C84F31037EDBEBDD71E91D82C31C6B0C361C3C41251606B3E7357DDE2A896012CB1EB7076BAE9289108C960249295F3AF58325DF3114D4D99C49731DD20DC960FC20435D394EB0EB7B236BA256908D45C4576149065FF9A8B8F272616986A21BE6804E5F555A42DB5FA385E825A4449E5B53B4152BB4DBEB3FAA23E1C640FA7F155BDC2E7AD2398E3E244E7B399B1FEACD2B5039591120A2867675C7470744B2EC12C3EF90BBC66F52809477E0CDB37FB6070DCC49CA8A7E8989981A389BEF57F25AE8932256307DBF98FBDFC0BB84B4F9933EFEC18CFD7551771F481D6FEEB7E117000000FFFF0300504B0304140006000800000021001E911AB7F30000004E0200000B0008025F72656C732F2E72656C7320A2040228A0000200000000000000000000000000000000000000000000000000000000000000000000000000000000000000000000000000000000000000000000000000000000000000000000000000000000000000000000000000000000000000000000000000000000000000000000000000000000000000000000000000000000000000000000000000000000000000000000000000000000000000000000000000000000000000000000000000000000000000000000000000000000000000000000000000000000000000000000000000000000000000000000000000000000000000000000000000000000000000000000000000000000000000000000000000000000000000000000000000000000000000000000000000000000000000000000000000000000000000000000000000000000000000000000000000000000000000000000000000000000000000000000000000000000000000000000000000000000000000000000000000000000000000000000000000000000000000000000000000000000000000000000000000000000000000000000000000000000000000000000000000000000000000000000000000000000000000000000000000000000000000000000000000000000000000000000000000000000000000000000000000000000000000000000000000000000000000000000000000000000000000008C92DB4A03410C86EF05DF61C87D37DB0A22D2D9DE48A17722EB038499EC01770ECCA4DABEBDA320BA50DB5EE6F4E7CB4FD69B839BD43BA73C06AF6159D5A0D89B6047DF6B786DB78B075059C85B9A82670D47CEB0696E6FD62F3C9194A13C8C31ABA2E2B38641243E226633B0A35C85C8BE54BA901C4909538F91CC1BF58CABBABEC7F457039A99A6DA590D6967EF40B5C758365FD60E5D371A7E0A66EFD8CB8915C807616FD92E622A6C49C6728D6A29F52C1A6C30CF259D9162AC0A36E069A2D5F544FF5F8B8E852C09A10989CFF37C759C035A5E0F74D9A279C7AF3B1F21592C167D7BFB4383B32F683E010000FFFF0300504B030414000600080000002100D664B351FA000000310300001C000801776F72642F5F72656C732F646F63756D656E742E786D6C2E72656C7320A2040128A0000100000000000000000000000000000000000000000000000000000000000000000000000000000000000000000000000000000000000000000000000000000000000000000000000000000000000000000000000000000000000000000000000000000000000000000000000000000000000000000000000000000000000000000000000000000000000000000000000000000000000000000000000000000000000000000000000000000000000000000000000000000000000000000000000000000000000000000000000000000000000000000000000000000000000000000000000000000000000000000000000000000000000000000000000000000000AC92CD6AC3301084EF85BE83D87B2D3BFDA184C8B99440AEADFB008ABDFEA1B224B49BB67EFB0A43528706F7E28B604668E693B49BED776FC42706EA9C5590252908B4A5AB3ADB28782F7677CF2088B5ADB47116150C48B0CD6F6F36AF6834C743D4769E444CB1A4A065F66B29A96CB1D794388F36EED42EF49AA30C8DF4BAFCD00DCA559A3EC930CD80FC2253EC2B05615FDD8328061F9BFFCF7675DD95F8E2CA638F96AF54C82F3CBC2173BC1CC5581D1A6405133389B420AF83AC9604A13F1427670E215B148107133FF3FC0C34EAB9FAC725EB398E08FEB68F528E6B36C7F0B02443ED2C17FA60261C67EB04212F063DFF010000FFFF0300504B03041400060008000000210075DF631BF10100006D04000011000000776F72642F646F63756D656E742E786D6C9C535D6BDB30147D1FEC3F08BF27B6D336C94C9CB21232F630286BF7031449B6C5245D21C9F1B25FBF2B7FA4593B4A181859BA47F79CFBA5CDFD2FADC851382FC194493ECF12220C032E4D5D263F9EF7B375427CA08653054694C949F8E47EFBF1C3A62B38B0560B130852185F1C116D42B0459A7AD6084DFD1CAC300856E0340D787475AAA9FBD9DA19036D699007A96438A58B2C5B26230D9449EB4C3152CCB4640E3C5421BA1450559289F13779B86B7407CFDD1872AF983AA1300630BE91D64F6CFA7FD930C5662239BE97C451ABE95E67AF51E38E76D80FAD86B03B70DC3A60C27BB4EE06F0CC9867EF698F058C14678F6B42F85B738A445369CE34713A5EF5FFDCBC39362F1DB4D348F59208D6628BB374007E8A7F4BBA0267917F2F932CDBED57FB5B1CC8D1B413156D5588C8C34D7EB7FED47BBAE816B6CF8DF4043F4A82F0814CB3B949231857BC87AB7D2332525D25F2351006ADE2E42050C8098FF3FF4F052F58787413E745C4A3E909F1685DE7CBECE1739F87AD9F7E23DAE1235C2C86AC1BDCDFAD719FF651D7DF68A40C804393DFE6ABBE30B26E90295F65793C1E2004C0099E6025AA0BB411940B7C2DAB0C1F75575400E1E258B7A13F8E720C94C74BDE52868D8D2E7D1458D82F4E72449434E251068651DE2C7B27ACEF90785FEAA1A5689B7AB1FD030000FFFF0300504B03041400060008000000210096B5ADE296060000501B000015000000776F72642F7468656D652F7468656D65312E786D6CEC594F6FDB3614BF0FD87720746F6327761A07758AD8B19B2D4D1BC46E871E698996D850A240D2497D1BDAE38001C3BA618715D86D87615B8116D8A5FB34D93A6C1DD0AFB0475292C5585E9236D88AAD3E2412F9E3FBFF1E1FA9ABD7EEC70C1D1221294FDA5EFD72CD4324F1794093B0EDDD1EF62FAD79482A9C0498F184B4BD2991DEB58DF7DFBB8AD755446282607D22D771DB8B944AD79796A40FC3585EE62949606ECC458C15BC8A702910F808E8C66C69B9565B5D8A314D3C94E018C8DE1A8FA94FD05093F43672E23D06AF89927AC06762A049136785C10607758D9053D965021D62D6F6804FC08F86E4BEF210C352C144DBAB999FB7B4717509AF678B985AB0B6B4AE6F7ED9BA6C4170B06C788A705430ADF71BAD2B5B057D03606A1ED7EBF5BABD7A41CF00B0EF83A6569632CD467FADDEC9699640F6719E76B7D6AC355C7C89FECA9CCCAD4EA7D36C65B258A206641F1B73F8B5DA6A6373D9C11B90C537E7F08DCE66B7BBEAE00DC8E257E7F0FD2BADD5868B37A088D1E4600EAD1DDAEF67D40BC898B3ED4AF81AC0D76A197C86826828A24BB318F3442D8AB518DFE3A20F000D6458D104A9694AC6D88728EEE2782428D60CF03AC1A5193BE4CBB921CD0B495FD054B5BD0F530C1931A3F7EAF9F7AF9E3F45C70F9E1D3FF8E9F8E1C3E3073F5A42CEAA6D9C84E5552FBFFDECCFC71FA33F9E7EF3F2D117D57859C6FFFAC327BFFCFC793510D26726CE8B2F9FFCF6ECC98BAF3EFDFDBB4715F04D814765F890C644A29BE408EDF3181433567125272371BE15C308D3F28ACD249438C19A4B05FD9E8A1CF4CD296699771C393AC4B5E01D01E5A30A787D72CF1178108989A2159C77A2D801EE72CE3A5C545A6147F32A99793849C26AE66252C6ED637C58C5BB8B13C7BFBD490A75330F4B47F16E441C31F7184E140E494214D273FC80900AEDEE52EAD87597FA824B3E56E82E451D4C2B4D32A423279A668BB6690C7E9956E90CFE766CB37B077538ABD27A8B1CBA48C80ACC2A841F12E698F13A9E281C57911CE298950D7E03ABA84AC8C154F8655C4F2AF074481847BD804859B5E696007D4B4EDFC150B12ADDBECBA6B18B148A1E54D1BC81392F23B7F84137C2715A851DD0242A633F900710A218ED715505DFE56E86E877F0034E16BAFB0E258EBB4FAF06B769E888340B103D3311DA9750AA9D0A1CD3E4EFCA31A3508F6D0C5C5C398602F8E2EBC71591F5B616E24DD893AA3261FB44F95D843B5974BB5C04F4EDAFB95B7892EC1108F3F98DE75DC97D5772BDFF7CC95D94CF672DB4B3DA0A6557F70DB629362D72BCB0431E53C6066ACAC80D699A6409FB44D08741BDCE9C0E4971624A2378CCEABA830B05366B90E0EA23AAA241845368B0EB9E2612CA8C742851CA251CECCC70256D8D87265DD96361531F186C3D9058EDF2C00EAFE8E1FC5C509031BB4D680E9F39A3154DE0ACCC56AE644441EDD76156D7429D995BDD88664A9DC3AD50197C38AF1A0C16D684060441DB02565E85F3B9660D0713CC48A0ED6EF7DEDC2DC60B17E92219E180643ED27ACFFBA86E9C94C78AB90980D8A9F0913EE49D62B512B79626FB06DCCEE2A432BBC60276B9F7DEC44B7904CFBCA4F3F6443AB2A49C9C2C41476DAFD55C6E7AC8C769DB1BC399161EE314BC2E75CF8759081743BE1236EC4F4D6693E5336FB672C5DC24A8C33585B5FB9CC24E1D4885545B58463634CC5416022CD19CACFCCB4D30EB45296023FD35A458598360F8D7A4003BBAAE25E331F155D9D9A5116D3BFB9A95523E51440CA2E0088DD844EC6370BF0E55D027A012AE264C45D02F708FA6AD6DA6DCE29C255DF9F6CAE0EC38666984B372AB5334CF640B37795CC860DE4AE2816E95B21BE5CEAF8A49F90B52A51CC6FF3355F47E0237052B81F6800FD7B802239DAF6D8F0B1571A8426944FDBE80C6C1D40E8816B88B8569082AB84C36FF0539D4FF6DCE591A26ADE1C0A7F669880485FD484582903D284B26FA4E2156CFF62E4B9265844C4495C495A9157B440E091BEA1AB8AAF7760F4510EAA69A6465C0E04EC69FFB9E65D028D44D4E39DF9C1A52ECBD3607FEE9CEC7263328E5D661D3D0E4F62F44ACD855ED7AB33CDF7BCB8AE889599BD5C8B3029895B6825696F6AF29C239B75A5BB1E6345E6EE6C28117E73586C1A2214AE1BE07E93FB0FF51E133FB65426FA843BE0FB515C187064D0CC206A2FA926D3C902E907670048D931DB4C1A44959D366AD93B65ABE595F70A75BF03D616C2DD959FC7D4E6317CD99CBCEC9C58B34766661C7D6766CA1A9C1B327531486C6F941C638C67CD22A7F75E2A37BE0E82DB8DF9F30254D30C1372581A1F51C983C80E4B71CCDD28DBF000000FFFF0300504B030414000600080000002100267FC5A5CE0200005006000011000000776F72642F73657474696E67732E786D6C9C55C96EDB3010BD17E83F083AD791E42D8E1025881DA40B92B688D34B6F94445B44480E415296DDAFEF5012A3183582A02793EFCD3CCD4A5F5EEF050F76541B06320B93B3380CA82CA064729B85BF9EEE468B303096C8927090340B0FD484D7571F3F5C36A9A1D6A2990950429A14B2B0D632354545053123C10A0D06367654804861B36105ED7FC2DE43676165AD4AA3A8773A034525AA6D400B62CD19E86DD479DE42510B2A6D348EE379A429271603361553C6AB89FF55C34F555E64F756123BC1BD5D93C46F59F6E936A0CB178FF784E71C9486821A839515BC4B571026BD8CE1EFD1E9EA79CF724DF4E195C815B6ED0F80089A54515D6041B1E793388C1C51D20DA9B97D22F9DA8242931DC18F9DC78B8EAE0EAAA2B2ADFB6F1C05CF4FC7B38E2F2AA24961A95E2B5260F42B905603F776257C07BB02A13426D77BE08DD8F6DB387FA57141B8C32380F56E71BC9C24B3C545E7E1D881992FCE2F6EE6A79845328F9737279959B2584E4E31C377A22E0C8C47A46E387E6A7FBAC39C02D115664544AE19091EDCF8601222CDF5F39249CFE714C798BE66D675EEC9D1A8238C209CDF61DD3C8193D3312533EA966E5A61FE40F476506EFB25527D12C52E7E7B51731DA6FAB3865A75AA8D26EAAB2C11F61F4CA6D35E8F497BCF84C74D9DAFBD97C4297A45D5B2FCB1D34E301A0AD4A416179FBA0ADD13B9F55DA266B47A74A64D5A70BD768F037D204AE180A049BE4DB290B36D659310AF166F25D1CFED25DF8E7B6EDC7278735C7B2185CB0CADFB8333E88E68D51F066CE2B1C9804D3D361DB099C7660336F7D8DC61B8035473269F7109FDD1E11BE01C1A5A7EF16016FE03754530155114FBEA360D070CD216E857CF04BB94EE712769C92CBEBB8A9582ECB3701CCFDA1EF5D69C1CA0B647B64EC919AB2334288925B8E16DAB8E9CB175F8801FC7E25E8082E140AE0F221F16F753173867C6AEA9C21DB7A031E5F6716839A7D4FF155CFD050000FFFF0300504B0304140006000800000021006F63509B8B0100000704000012000000776F72642F666F6E745461626C652E786D6CA492DF6E823014C6EF97EC1D48EF2705FF4C8D689CD3CB5D2CEE018E58A4096D494F95F9F63B50E4626689649034E13BEDC7E9EF7C8BD5B72A828BB0288D4E5834E02C103A3547A94F09FBDAEF5EA62C4007FA0885D1226157816CB57C7E5A54F3CC6887019DD738B709CB9D2BE76188692E14E0C09442532D335681A34F7B0A4D96C954BC9BF4AC847661CCF924B4A20047FFC65C96C85AB7EA11B7CAD863694D2A10A95955783F0552B365DB5D50CD3528EA7A03853C58D9144AD0064544B50B1409E331DFF131ADF53BE2C37A6561ED90E66051B86E23F772064A16D79B8A9544F48552BA34BFE917B0120E85F02594272A9CF1C013B68D38E7F16EC7BC12256C44C27AD3293135E59F59BB67D829341E6AACF169B644B3C68714F2694F357D867E3E7724F652090C3E44157C1A051ED53D91984F88C49878D46486BD88D8C6B721F828116A3C5E77F7A79B6C48799D8EA2F6FEBD88789FC7896C405134E08F6CD4043C899A48BF6CF427B1AE47186F7F6583F3D1DB1D89260994A8FF64A30D092E7F000000FFFF0300504B0304140006000800000021004AD88A92BB0000000401000014000000776F72642F77656253657474696E67732E786D6C8CCEC16AC3300CC6F17B61EF10745F9DF5304A485228A32FD0F5015C47690CB164246DDEF6F4356C97DD7A149FF8F1EF0F5F696D3E5134320DF0B26DA1410A3C45BA0D70793F3DEFA151F334F9950907F84685C3F8B4E94B57F07A46B3FAA94D55483B196031CB9D731A164C5EB79C91EA36B3246FF5949BE3798E01DF387C242473BBB67D7582ABB75AA04BCC0A7F5A79442B2C53160EA85A43D2FAEB251F09C6DAC8D9628A3F7862390A17457163EFFEB58F77000000FFFF0300504B03041400060008000000210043C3A73277010000D002000010000801646F6350726F70732F6170702E786D6C20A2040128A00001000000000000000000000000000000000000000000000000000000000000000000000000000000000000000000000000000000000000000000000000000000000000000000000000000000000000000000000000000000000000000000000000000000000000000000000000000000000000000000000000000000000000000000000000000000000000000000000000000000000000000000000000000000000000000000000000000000000000000000000000000000000000000000000000000000000000000000000000000000000000000000000000000000000000000000000000000000000000000000000000000000000000000000000000000000009C52CB4EC33010BC23F10F51EEADD3822A405B23548438F0929AC2D9B2378985635BB641EDDFB369DA34881B3EEDCCDAE3D9B1E176DB9AEC1B43D4CE2EF3D9B4C833B4D2296DEB65BE291F2657791693B04A18677199EF30E6B7FCFC0CDE82F31892C69891848DCBBC49C9DF30166583AD88536A5BEA542EB422110C357355A525DE3BF9D5A24D6C5E140B86DB8456A19AF84130EF156FBED37F4595939DBFF85EEE3C19E65062EB8D48C85F3A3B66AA5C6A810D2C942E0953EA167941F400E04DD418F90C585FC0870B2AF205B0BE805523829089F2E317D7C04610EEBC375A8A44C1F2672D838BAE4AD9EB3E82AC3B0E6CBC05289635CAAFA0D3AE333186F0A46D6FA32FC856107510BE39781B10ACA530B8A2D979254C4460270256AEF5C2EE4E6EC8F081EA6EF88C1B5FBAFB2EA5C3D9DFE468D80F9D9AB517924C5D5E8EC71E35604DD9A0A2398E7227021EE95D82E9EEA4C86C8DEAB8E76FA30BF2BDFFA07C369F16B4F6C91D397A9BE1E7F01F000000FFFF0300504B030414000600080000002100936B9C1D72010000E302000011000801646F6350726F70732F636F72652E786D6C20A2040128A00001000000000000000000000000000000000000000000000000000000000000000000000000000000000000000000000000000000000000000000000000000000000000000000000000000000000000000000000000000000000000000000000000000000000000000000000000000000000000000000000000000000000000000000000000000000000000000000000000000000000000000000000000000000000000000000000000000000000000000000000000000000000000000000000000000000000000000000000000000000000000000000000000000000000000000000000000000000000000000000000000000000000000000000000000000000009C524D4FC3300CBD23F11FAADCDBA49B3650D57612A01D1093901802710B89B785351F4AB295FD7BD276EB56C1895BECF7FC6C3F279F7DCB2ADA837542AB02A509411128A6B950EB02BD2EE7F12D8A9CA78AD34A2B28D0011C9A95D757393319D3169EAD3660BD00170525E532660AB4F1DE64183BB601495D12182A802B6D25F521B46B6C28DBD235E01121532CC1534E3DC58D606C7A457494E4AC97343B5BB5029C61A84082F20EA7498ACF5C0F56BA3F0B5AE48229853F98B0D371DC4B6DCE3AB0677F3BD113EBBA4EEA713B46983FC5EF8BA79776D558A8C62B06A8CC39CBBCF01594393E3FC3CBED3EBF80F92EDD07016016A8D7B67CA47B01B6AD3AA51AB3B770A8B5E52E140EA250C9C1312B8C0F27EC640789C0AEA8F38B70D395007E77E83BFC469A4616F6A2F90DE5A8EDD48761A3D6C06E50E051B024EB0C3C216FE3FB87E51C952392A631B989C96449A6D9789211F2D12C34A86F2CEA12F238DABF154F029D37C36F59FE000000FFFF0300504B030414000600080000002100A5007B7117070000F83900000F000000776F72642F7374796C65732E786D6CB49B6D73D33810C7DFDFCC7D078FDF973C41021D02530A1C9D01AE34EDDC6BC5561A0D8E95B314DADEA73F6965ABAE1DDBBBB57945FDA0FDADB4ABFFBA45FBF6FDFD2E097EF14C09992EC3C98B7118F03492B1486F97E1CDF5E793D761A0344B6396C8942FC307AEC2F7EFFEFCE3EDDDA9D20F0957813190AAD36C196EB5DE9F8E462ADAF21D532FE49EA7E6D946663BA6CD65763B929B8D88F847191D763CD5A3E9783C1F653C61DAC0D556EC55985BBBC358BB9359BCCF64C49532DEEE12676FC7441ABE33EEC532FAC837EC9068652FB3CB2CBFCCAFE09FCF32D52AB83B652A12E2DA386EA6B813A9CCBE9CA54A84E609674A9F29C18E3EDCDAB78E3E89942E59FB2062118E2C51FD676CFE62C9329C4E8B3BE7D68327F71296DE16F7B83A39BF2A7BB20C797A72B3B2B7D6C6EE3264D9C9EACC1A1BC1348B7F4BD3DD3F99BCB90257F62C320B67CCB08DE62680261ED668226CA0A78B7971717548CC0D76D032878001032B9B35979515377135515EB92C314FF9E6AB8C7EF278A5CD8365082C73F3E6E232133213FA6119BE796399E6E68AEFC41711C7DC26657EEF26DD8A98FFB3E5E98DE2F1E3FD1F9F21C5728B913CA4DAB83F5F4016242AFE741FF1BD4D31633A6536C2DFED80C49A55250E3874108FDEB81B152ADCFCB7404E5C0C8F52B69CD96D1480FFAD2098F5A137686A67549E00D825F93AEB6FE2657F13AFFA9B80E4EDB7168BFE5E18F1EC1B11971BA5ACC40755CBC8255F791D666F5A52D68EA86551E7885AD2748EA8E548E7885A4A748EA86540E7885AC03B47D4E2DB39A216CED6111103E1AA66D10C5603B5B1AF854EB81DDF2A40939E5297979AE09265EC3663FB6D600B6BD5ED36B15C1DD61AE72AC8E9F3C572A53399DE76AE88A9CE76EB3E5B933FEDF65BA684F9A2E958FA69CFA5BF66EB84077F6522EE44BD72C9579B137C981C2D6197098BF8562631CF826B7EEF224A18FF5D062BF795D1E95CCFB07E15B75B1DACB650723B61F386456F5E0967FFAB50B006AD9B69DE30952EE3A818CE1BF2B2D9F8371E8BC3AE581AC4D7C8DCE93921CC1504B8D8BE442F6D88EABBAB731636009829B872419F02D847F8EF8A0BDDBE8D31C67F578A9E691FE1BF2B5CCFB40FF9D11E5FB2D27C64D9CF00B5BD16E4BD7B2E13996D0E49B1073AE56141DEC11E819B0279137BFB2891589077F013F90CCEA2C8FCE686C953722C1E7594402187C35160B3E1E7420E4A45F6268419910354614D09AC7E5A4B009145F78AFF12F60F4FD462002AEDBF353BB7F3AC61054C09427D43FF3848DDFD0D3D6DD03C2CE522357F2E513CC0D1660D3B0F4BCBF3C9D53B428CFB153E02A85F052480FA954202A8213F9ABF797C4DC443FA1747028B2CCBBE8A41DAA195794156660FA2958081EA26E2FBAB61F736E742BD6E2228E400D5EB2682428E4EA596F9BA89600D563711AC86AAD11CA3B2A6522645AE9B6590FF1240CC6818F1468086116F046818F14680FA8B77376438F146B0C8DAE035B52CDE0810BC42F955DF83CAE28D0091B5C1A95DFE37A3A2EE8195F65F6E07106F04851CA0BA782328E4E83489378205AF5032A1C2F25287600D23DE08D030E28D000D23DE08D030E28D000D23DE08507FF1EE860C27DE0816591BBCA696C51B0122CB830795C51B01825728DA7054BC61D7FF76F14650C801AA8B3782428E4E4550FD472A82450E5085E5C51BC1825728C990B320B929931A46BC11331A46BC11A061C41B011A46BC11A0FEE2DD0D194EBC112CB236784D2D8B37024496070F2A8B370244D686A3E20D9BF1B78B3782420E505DBC111472742A82EA750EC12207A8C2F2E28D6041BEF4166F04085E792E8832A361C41B31A361C41B011A46BC11A0FEE2DD0D194EBC112CB236784D2D8B37024496070F2A8B370244D686A3E20D7BE4B78B3782420E505DBC111472742A82EAC51BC12207A8C2F25287600D23DE081024666FF14680E0956780601751C2348C782366348C782340FDC5BB1B329C782358646DF09A5A166F04882C0F1E54166F0488AC0DF69CAD392F8A3E9E3A694802EC3983E254031A386D081216984FF08A6F78663A9978F7E9909EC062860462437A60A7F841CA9F01EE60F7AC2141D028B14E848423DD0F704AA7D488305BB474125CFF7D1E7C710D30B57190524F4FDE98EEA172BB10B427D9C621E3A77ED89B969D7D71B2DC5A330D42B6AF2B6F01823EB40BD31094B7F5D8C1B6CFC7BC084D55F96DF87FDB9C0A3F9B9EB7B878673C7E3D998F3F145D5460B2EE44B4355E44A657AAC589FC28BC3F9D0407E1AB2E359C9707B71E9B350AE7F273F38F5F57EEBD27A737CD2DB3860D7E6B7B46BCC5673843DEBA7A01BCE2E25D77D0B46D814B5D1EFAF356F0B65E27AE11CDFC7091DA5098B63FF8BF3517F2F89E39B3E6F9394F926F0CDAD6B4DC37BF9AF08D764F2763A89315536BA9B5DC358FCFE018397872CC8059E2B233EED24EA279EDD3C36ECD33D307D6B2FEDFA5AD2FD0AFF63471DD8958176EBFF38CF790D7D8557FF4ADF849BDFB1F0000FFFF0300504B01022D0014000600080000002100DDFC953766010000200500001300000000000000000000000000000000005B436F6E74656E745F54797065735D2E786D6C504B01022D00140006000800000021001E911AB7F30000004E0200000B000000000000000000000000009F0300005F72656C732F2E72656C73504B01022D0014000600080000002100D664B351FA000000310300001C00000000000000000000000000C3060000776F72642F5F72656C732F646F63756D656E742E786D6C2E72656C73504B01022D001400060008000000210075DF631BF10100006D0400001100000000000000000000000000FF080000776F72642F646F63756D656E742E786D6C504B01022D001400060008000000210096B5ADE296060000501B000015000000000000000000000000001F0B0000776F72642F7468656D652F7468656D65312E786D6C504B01022D0014000600080000002100267FC5A5CE020000500600001100000000000000000000000000E8110000776F72642F73657474696E67732E786D6C504B01022D00140006000800000021006F63509B8B010000070400001200000000000000000000000000E5140000776F72642F666F6E745461626C652E786D6C504B01022D00140006000800000021004AD88A92BB000000040100001400000000000000000000000000A0160000776F72642F77656253657474696E67732E786D6C504B01022D001400060008000000210043C3A73277010000D002000010000000000000000000000000008D170000646F6350726F70732F6170702E786D6C504B01022D0014000600080000002100936B9C1D72010000E302000011000000000000000000000000003A1A0000646F6350726F70732F636F72652E786D6C504B01022D0014000600080000002100A5007B7117070000F83900000F00000000000000000000000000E31C0000776F72642F7374796C65732E786D6C504B0506000000000B000B00C1020000272400000000)
GO

INSERT INTO CandidateDocuments (ID_CandidateDocs, ID_Candidate, ID_Document, ID_User, LastUpdate)
VALUES (1, 1, 1, 2, '05/05/2011')
GO

INSERT INTO CandidatePhones (ID_CandidatePhone, ID_Candidate, Phone, ID_PhoneType)
VALUES (1, 1, '25555555', 1)
INSERT INTO CandidatePhones (ID_CandidatePhone, ID_Candidate, Phone, ID_PhoneType)
VALUES (2, 1, '85555555', 3)
INSERT INTO CandidatePhones (ID_CandidatePhone, ID_Candidate, Phone, ID_PhoneType)
VALUES (3, 2, '25555550', 1)
INSERT INTO CandidatePhones (ID_CandidatePhone, ID_Candidate, Phone, ID_PhoneType)
VALUES (4, 3, '85555550', 3)
GO

INSERT INTO [Notes] (ID_Note, ID_Candidate, ID_User, Note, [DateTime])
VALUES (1, 2, 3, 'Tech Lead note about Maykol', '01/05/2011')
INSERT INTO [Notes] (ID_Note, ID_Candidate, ID_User, Note, [DateTime])
VALUES (2, 2, 2, 'HR note about Maykol', '01/12/2011')
INSERT INTO [Notes] (ID_Note, ID_Candidate, ID_User, Note, [DateTime])
VALUES (3, 1, 2, 'HR note about Javier', '02/20/2011')
INSERT INTO [Notes] (ID_Note, ID_Candidate, ID_User, Note, [DateTime])
VALUES (4, 3, 2, 'HR note about Rolando', GETDATE())
GO

INSERT INTO SkillCategory (ID_SkillCategory, Name, [Description])
VALUES (1, 'Languages', 'Languages')
INSERT INTO SkillCategory (ID_SkillCategory, Name, [Description])
VALUES (2, 'Programing Languages', 'Programing Languages')
INSERT INTO SkillCategory (ID_SkillCategory, Name, [Description])
VALUES (3, 'Software Delovment Skills', 'Software Delovment Skills')
INSERT INTO SkillCategory (ID_SkillCategory, Name, [Description])
VALUES (4, 'Web', 'Knowledge about web tools')
INSERT INTO SkillCategory (ID_SkillCategory, Name, [Description])
VALUES (5, 'Soft Skills', 'Soft Skills')
GO 

INSERT INTO Skill (ID_Skill, ID_SkillCategory, Name, [Description])
VALUES (11, 1, 'English', 'English')
INSERT INTO Skill (ID_Skill, ID_SkillCategory, Name, [Description])
VALUES (12, 1, 'Portuguese', 'English')
INSERT INTO Skill (ID_Skill, ID_SkillCategory, Name, [Description])
VALUES (21, 2, 'Visual Basic .Net', 'Visual Basic .Net')
INSERT INTO Skill (ID_Skill, ID_SkillCategory, Name, [Description])
VALUES (22, 2, 'C# .Net', 'C# .Net')
INSERT INTO Skill (ID_Skill, ID_SkillCategory, Name, [Description])
VALUES (23, 2, 'ASP .Net', 'ASP .Net')
GO 

INSERT INTO JobPositionSkills (ID_PositionSkill, ID_JobPosition, ID_Skill, PositionScore)
VALUES (1, 11, 11, '4.00')
INSERT INTO JobPositionSkills (ID_PositionSkill, ID_JobPosition, ID_Skill, PositionScore)
VALUES (2, 11, 21, '3.00')
INSERT INTO JobPositionSkills (ID_PositionSkill, ID_JobPosition, ID_Skill, PositionScore)
VALUES (3, 12, 21, '4.00')
INSERT INTO JobPositionSkills (ID_PositionSkill, ID_JobPosition, ID_Skill, PositionScore)
VALUES (4, 13, 21, '5.00')
INSERT INTO JobPositionSkills (ID_PositionSkill, ID_JobPosition, ID_Skill, PositionScore)
VALUES (5, 13, 11, '4.00')
GO 

INSERT INTO CandidateSkills (ID_CandidateSkill, ID_Candidate, ID_Skill, Score)
VALUES (1, 1, 11, '4.00')
INSERT INTO CandidateSkills (ID_CandidateSkill, ID_Candidate, ID_Skill, Score)
VALUES (2, 2, 11, '5.00')
INSERT INTO CandidateSkills (ID_CandidateSkill, ID_Candidate, ID_Skill, Score)
VALUES (3, 3, 11, '4.00')
INSERT INTO CandidateSkills (ID_CandidateSkill, ID_Candidate, ID_Skill, Score)
VALUES (4, 2, 23, '4.00')
INSERT INTO CandidateSkills (ID_CandidateSkill, ID_Candidate, ID_Skill, Score)
VALUES (5, 3, 22, '3.00')
INSERT INTO CandidateSkills (ID_CandidateSkill, ID_Candidate, ID_Skill, Score)
VALUES (6, 1, 21, '2.00')
GO 

INSERT INTO OpeningCandidates (ID_OpeningCandidate, ID_Candidate, ID_Opening, ID_CandidateInOpeningStatus)
VALUES (1, 1, 3, 0)
INSERT INTO OpeningCandidates (ID_OpeningCandidate, ID_Candidate, ID_Opening, ID_CandidateInOpeningStatus)
VALUES (2, 2, 1, 0)
INSERT INTO OpeningCandidates (ID_OpeningCandidate, ID_Candidate, ID_Opening, ID_CandidateInOpeningStatus)
VALUES (3, 3, 1, 1)
GO

INSERT INTO OpeningNotes (ID_Note, ID_User, ID_JobOpening, Note, [DateTime] )
VALUES (1, 2, 1, 'HR note about Senior .Net Dev Opening', '07/02/2011' )
INSERT INTO OpeningNotes (ID_Note, ID_User, ID_JobOpening, Note, [DateTime] )
VALUES (2, 3, 2, 'HR note about Junior .Net Dev Opening', '07/01/2011' )
GO

INSERT INTO CandidateInOpeningStatus (ID_CandidateInOpeningStatus, [Name], [Description])
VALUES (0, 'New', 'New Candidate')
INSERT INTO CandidateInOpeningStatus (ID_CandidateInOpeningStatus, [Name], [Description])
VALUES (1, 'Initial Contact', 'Open')
INSERT INTO CandidateInOpeningStatus (ID_CandidateInOpeningStatus, [Name], [Description])
VALUES (2, 'HR Scheduled', 'HR Interview Scheduled')
INSERT INTO CandidateInOpeningStatus (ID_CandidateInOpeningStatus, [Name], [Description])
VALUES (3, 'HR Done', 'HR Done')
INSERT INTO CandidateInOpeningStatus (ID_CandidateInOpeningStatus, [Name], [Description])
VALUES (4, 'Tech Scheduled', 'Tech Interview Scheduled')
INSERT INTO CandidateInOpeningStatus (ID_CandidateInOpeningStatus, [Name], [Description])
VALUES (5, 'Tech Done', 'Tech Interview Done')
INSERT INTO CandidateInOpeningStatus (ID_CandidateInOpeningStatus, [Name], [Description])
VALUES (6, 'Job Offer', 'Job Offer sent')
INSERT INTO CandidateInOpeningStatus (ID_CandidateInOpeningStatus, [Name], [Description])
VALUES (7, 'Discarded', 'Candidate discarted')
INSERT INTO CandidateInOpeningStatus (ID_CandidateInOpeningStatus, [Name], [Description])
VALUES (8, 'Hired', 'Hired')
GO 

INSERT INTO CandidateInOpeningStatusRegistry (ID_CandidateInOpeningStatusRegistry, ID_CandidateInOpening, ID_CandidateInOpeningStatus, ID_User, Comment, [DateTime])
VALUES (1, 3, 1, 2, 'HR has contact the candidate', '05/05/2011')
GO 
